{"fonts":[{"id":"monokai_pro_icons","src":[{"path":"./monokai_pro_icons.woff","format":"woff"}],"weight":"normal","style":"normal","size":"16px"}],"iconDefinitions":{"_angular":{"fontCharacter":"\\F101","fontColor":"#fd6883"},"_applescript":{"fontCharacter":"\\F102","fontColor":"#adda78"},"_binary":{"fontCharacter":"\\F103","fontColor":"#f9cc6c"},"_blade":{"fontCharacter":"\\F104","fontColor":"#fd6883"},"_c":{"fontCharacter":"\\F105","fontColor":"#fd6883"},"_c#":{"fontCharacter":"\\F106","fontColor":"#a8a9eb"},"_c++":{"fontCharacter":"\\F107","fontColor":"#85dacc"},"_clojure":{"fontCharacter":"\\F108","fontColor":"#85dacc"},"_":{"fontCharacter":"\\F143","fontColor":{"DARK2":"#191515","DARK1":"#211c1c","BACKGROUND":"#2c2525","TEXT":"#fff1f3","ACCENT1":"#fd6883","ACCENT2":"#f38d70","ACCENT3":"#f9cc6c","ACCENT4":"#adda78","ACCENT5":"#85dacc","ACCENT6":"#a8a9eb","DIMMED1":"#c3b7b8","DIMMED2":"#948a8b","DIMMED3":"#72696a","DIMMED4":"#5b5353","DIMMED5":"#403838"}},"_coffeescript":{"fontCharacter":"\\F10A","fontColor":"#85dacc"},"_crystal":{"fontCharacter":"\\F10B","fontColor":"#a8a9eb"},"_css":{"fontCharacter":"\\F10C","fontColor":"#f38d70"},"_csv":{"fontCharacter":"\\F10D","fontColor":"#f9cc6c"},"_dart":{"fontCharacter":"\\F10E","fontColor":"#85dacc"},"_default":{"fontCharacter":"\\F10F","fontColor":"#f9cc6c"},"_docker":{"fontCharacter":"\\F111","fontColor":"#85dacc"},"_elixir":{"fontCharacter":"\\F114","fontColor":"#a8a9eb"},"_elm":{"fontCharacter":"\\F115","fontColor":"#85dacc"},"_env":{"fontCharacter":"\\F116","fontColor":"#f9cc6c"},"_erlang":{"fontCharacter":"\\F117","fontColor":"#fd6883"},"_eslint":{"fontCharacter":"\\F118","fontColor":"#a8a9eb"},"_folder":{"fontCharacter":"\\F11A","fontColor":"#948a8b"},"_folder-open":{"fontCharacter":"\\F11B","fontColor":"#948a8b"},"_folder-root":{"fontCharacter":"\\F11C","fontColor":"#948a8b"},"_folder-root-open":{"fontCharacter":"\\F11D","fontColor":"#948a8b"},"_font":{"fontCharacter":"\\F11E","fontColor":"#a8a9eb"},"_fortran":{"fontCharacter":"\\F11F","fontColor":"#fd6883"},"_git":{"fontCharacter":"\\F120","fontColor":"#f38d70"},"_go":{"fontCharacter":"\\F121","fontColor":"#85dacc"},"_graphql":{"fontCharacter":"\\F122","fontColor":"#fd6883"},"_handlebars":{"fontCharacter":"\\F123","fontColor":"#f38d70"},"_haskell":{"fontCharacter":"\\F124","fontColor":"#f38d70"},"_haxe":{"fontCharacter":"\\F125","fontColor":"#f38d70"},"_haxealt":{"fontCharacter":"\\F126","fontColor":"#f9cc6c"},"_image":{"fontCharacter":"\\F128","fontColor":"#f9cc6c"},"_java":{"fontCharacter":"\\F129","fontColor":"#85dacc"},"_js":{"fontCharacter":"\\F12A","fontColor":"#f9cc6c"},"_json":{"fontCharacter":"\\F12B","fontColor":"#a8a9eb"},"_julia":{"fontCharacter":"\\F12C","fontColor":"#a8a9eb"},"_less":{"fontCharacter":"\\F12D","fontColor":"#a8a9eb"},"_lisp":{"fontCharacter":"\\F12E","fontColor":"#fd6883"},"_lua":{"fontCharacter":"\\F130","fontColor":"#85dacc"},"_markdown":{"fontCharacter":"\\F131","fontColor":"#adda78"},"_markup":{"fontCharacter":"\\F132","fontColor":"#f38d70"},"_matlab":{"fontCharacter":"\\F133","fontColor":"#f38d70"},"_npm":{"fontCharacter":"\\F136","fontColor":"#fd6883"},"_ocaml":{"fontCharacter":"\\F137","fontColor":"#f38d70"},"_perl":{"fontCharacter":"\\F138","fontColor":"#85dacc"},"_php":{"fontCharacter":"\\F139","fontColor":"#85dacc"},"_prolog":{"fontCharacter":"\\F13B","fontColor":"#fd6883"},"_pug":{"fontCharacter":"\\F13C","fontColor":"#f38d70"},"_python":{"fontCharacter":"\\F13D","fontColor":"#adda78"},"_r":{"fontCharacter":"\\F13E","fontColor":"#85dacc"},"_rails":{"fontCharacter":"\\F13F","fontColor":"#fd6883"},"_react":{"fontCharacter":"\\F140","fontColor":"#85dacc"},"_reason":{"fontCharacter":"\\F141","fontColor":"#f38d70"},"_restructuredtext":{"fontCharacter":"\\F142","fontColor":"#adda78"},"_ruby":{"fontCharacter":"\\F144","fontColor":"#fd6883"},"_rust":{"fontCharacter":"\\F145","fontColor":"#f38d70"},"_sass":{"fontCharacter":"\\F146","fontColor":"#fd6883"},"_scala":{"fontCharacter":"\\F147","fontColor":"#fd6883"},"_shell":{"fontCharacter":"\\F148","fontColor":"#adda78"},"_source":{"fontCharacter":"\\F149","fontColor":"#f9cc6c"},"_sql":{"fontCharacter":"\\F14A","fontColor":"#a8a9eb"},"_stylus":{"fontCharacter":"\\F14B","fontColor":"#f38d70"},"_svg":{"fontCharacter":"\\F14C","fontColor":"#f38d70"},"_swift":{"fontCharacter":"\\F14D","fontColor":"#fd6883"},"_symbolic-link":{"fontCharacter":"\\F14E","fontColor":"#948a8b"},"_terraform":{"fontCharacter":"\\F14F","fontColor":"#a8a9eb"},"_tex":{"fontCharacter":"\\F150","fontColor":"#f38d70"},"_text":{"fontCharacter":"\\F151","fontColor":"#f9cc6c"},"_todo":{"fontCharacter":"\\F152","fontColor":"#adda78"},"_toml":{"fontCharacter":"\\F153","fontColor":"#a8a9eb"},"_twig":{"fontCharacter":"\\F154","fontColor":"#adda78"},"_typescript":{"fontCharacter":"\\F155","fontColor":"#85dacc"},"_vue":{"fontCharacter":"\\F156","fontColor":"#adda78"},"_yaml":{"fontCharacter":"\\F157","fontColor":"#f9cc6c"}},"file":"_default","folder":"_folder","folderExpanded":"_folder-open","rootFolder":"_folder-root","rootFolderExpanded":"_folder-root-open","hidesExplorerArrows":true,"folderNames":{},"fileExtensions":{"cmx":"_ocaml","cmxa":"_ocaml","csv":"_csv","eot":"_font","f":"_fortran","for":"_fortran","f90":"_fortran","gif":"_image","hs":"_haskell","jpeg":"_image","webp":"_image","jpg":"_image","lhs":"_haskell","ml":"_ocaml","mli":"_ocaml","png":"_image","pug":"_pug","pxm":"_image","rst":"_restructuredtext","scala":"_scala","sql":"_sql","svg":"_svg","ttf":"_font","twig":"_twig","txt":"_text","vue":"_vue","woff":"_font","woff2":"_font","todo":"_todo"},"fileNames":{".dockerignore":"_docker",".env":"_env",".env.dev":"_env",".env.example":"_env",".env.local":"_env",".env.prod":"_env",".env.staging":"_env",".eslintignore":"_eslint",".eslintrc":"_eslint",".eslintrc.js":"_eslint",".eslintrc.json":"_eslint",".eslintrc.yaml":"_eslint",".eslintrc.yml":"_eslint",".gitattributes":"_git",".gitconfig":"_git",".gitignore":"_git",".gitkeep":"_git",".gitmodules":"_git",".npmignore":"_npm",".npmrc":"_npm","docker-compose.override.yml":"_docker","docker-compose.yaml":"_docker","docker-compose.yml":"_docker","git-history":"_git"},"languageIds":{"angular":"_angular","blade":"_blade","c":"_c","clojure":"_default","coffeescript":"_coffeescript","cpp":"_c++","csharp":"_c#","crystal":"_crystal","css":"_css","dart":"_dart","diff":"_default","dockerignore":"_docker","dockerfile":"_docker","elixir":"_elixir","elm":"_elm","erlang":"_erlang","fortran":"_fortran","fortran90":"_fortran","fortran95":"_fortran","fsharp":"_default","git-rebase":"_git","go":"_go","graphql":"_graphql","groovy":"_default","handlebars":"_handlebars","haxe":"_haxe","html":"_markup","ng-template":"_angular","ini":"_default","jade":"_default","java":"_java","javascript":"_js","javascriptreact":"_react","json":"_json","julia":"_julia","latex":"_tex","less":"_less","lua":"_lua","makefile":"_default","markdown":"_markdown","matlab":"_matlab","objective-c":"_c","objective-cpp":"_c++","perl":"_perl","php":"_php","powershell":"_shell","pug":"_pug","prolog":"_prolog","python":"_python","r":"_r","razor":"_default","reason":"_reason","ruby":"_ruby","rust":"_rust","sass":"_sass","scss":"_sass","shaderlab":"_default","shellscript":"_shell","sql":"_sql","stylus":"_stylus","swift":"_swift","tex":"_tex","terraform":"_terraform","todo":"_todo","toml":"_toml","typescript":"_typescript","typescriptreact":"_react","vb":"_default","xml":"_markup","xsl":"_default","yaml":"_yaml","restructuredtext":"_restructuredtext"}}