{"fonts":[{"id":"monokai_pro_icons","src":[{"path":"./monokai_pro_icons.woff","format":"woff"}],"weight":"normal","style":"normal","size":"16px"}],"iconDefinitions":{"_angular":{"fontCharacter":"\\F101","fontColor":"#696d77"},"_applescript":{"fontCharacter":"\\F102","fontColor":"#696d77"},"_binary":{"fontCharacter":"\\F103","fontColor":"#696d77"},"_blade":{"fontCharacter":"\\F104","fontColor":"#696d77"},"_c":{"fontCharacter":"\\F105","fontColor":"#696d77"},"_c#":{"fontCharacter":"\\F106","fontColor":"#696d77"},"_c++":{"fontCharacter":"\\F107","fontColor":"#696d77"},"_clojure":{"fontCharacter":"\\F108","fontColor":"#696d77"},"_":{"fontCharacter":"\\F143","fontColor":"#696d77"},"_coffeescript":{"fontCharacter":"\\F10A","fontColor":"#696d77"},"_crystal":{"fontCharacter":"\\F10B","fontColor":"#696d77"},"_css":{"fontCharacter":"\\F10C","fontColor":"#696d77"},"_csv":{"fontCharacter":"\\F10D","fontColor":"#696d77"},"_dart":{"fontCharacter":"\\F10E","fontColor":"#696d77"},"_default":{"fontCharacter":"\\F10F","fontColor":"#696d77"},"_docker":{"fontCharacter":"\\F111","fontColor":"#696d77"},"_elixir":{"fontCharacter":"\\F114","fontColor":"#696d77"},"_elm":{"fontCharacter":"\\F115","fontColor":"#696d77"},"_env":{"fontCharacter":"\\F116","fontColor":"#696d77"},"_erlang":{"fontCharacter":"\\F117","fontColor":"#696d77"},"_eslint":{"fontCharacter":"\\F118","fontColor":"#696d77"},"_folder":{"fontCharacter":"\\F11A","fontColor":"#696d77"},"_folder-open":{"fontCharacter":"\\F11B","fontColor":"#696d77"},"_folder-root":{"fontCharacter":"\\F11C","fontColor":"#696d77"},"_folder-root-open":{"fontCharacter":"\\F11D","fontColor":"#696d77"},"_font":{"fontCharacter":"\\F11E","fontColor":"#696d77"},"_fortran":{"fontCharacter":"\\F11F","fontColor":"#696d77"},"_git":{"fontCharacter":"\\F120","fontColor":"#696d77"},"_go":{"fontCharacter":"\\F121","fontColor":"#696d77"},"_graphql":{"fontCharacter":"\\F122","fontColor":"#696d77"},"_handlebars":{"fontCharacter":"\\F123","fontColor":"#696d77"},"_haskell":{"fontCharacter":"\\F124","fontColor":"#696d77"},"_haxe":{"fontCharacter":"\\F125","fontColor":"#696d77"},"_haxealt":{"fontCharacter":"\\F126","fontColor":"#696d77"},"_image":{"fontCharacter":"\\F128","fontColor":"#696d77"},"_java":{"fontCharacter":"\\F129","fontColor":"#696d77"},"_js":{"fontCharacter":"\\F12A","fontColor":"#696d77"},"_json":{"fontCharacter":"\\F12B","fontColor":"#696d77"},"_julia":{"fontCharacter":"\\F12C","fontColor":"#696d77"},"_less":{"fontCharacter":"\\F12D","fontColor":"#696d77"},"_lisp":{"fontCharacter":"\\F12E","fontColor":"#696d77"},"_lua":{"fontCharacter":"\\F130","fontColor":"#696d77"},"_markdown":{"fontCharacter":"\\F131","fontColor":"#696d77"},"_markup":{"fontCharacter":"\\F132","fontColor":"#696d77"},"_matlab":{"fontCharacter":"\\F133","fontColor":"#696d77"},"_npm":{"fontCharacter":"\\F136","fontColor":"#696d77"},"_ocaml":{"fontCharacter":"\\F137","fontColor":"#696d77"},"_perl":{"fontCharacter":"\\F138","fontColor":"#696d77"},"_php":{"fontCharacter":"\\F139","fontColor":"#696d77"},"_prolog":{"fontCharacter":"\\F13B","fontColor":"#696d77"},"_pug":{"fontCharacter":"\\F13C","fontColor":"#696d77"},"_python":{"fontCharacter":"\\F13D","fontColor":"#696d77"},"_r":{"fontCharacter":"\\F13E","fontColor":"#696d77"},"_rails":{"fontCharacter":"\\F13F","fontColor":"#696d77"},"_react":{"fontCharacter":"\\F140","fontColor":"#696d77"},"_reason":{"fontCharacter":"\\F141","fontColor":"#696d77"},"_restructuredtext":{"fontCharacter":"\\F142","fontColor":"#696d77"},"_ruby":{"fontCharacter":"\\F144","fontColor":"#696d77"},"_rust":{"fontCharacter":"\\F145","fontColor":"#696d77"},"_sass":{"fontCharacter":"\\F146","fontColor":"#696d77"},"_scala":{"fontCharacter":"\\F147","fontColor":"#696d77"},"_shell":{"fontCharacter":"\\F148","fontColor":"#696d77"},"_source":{"fontCharacter":"\\F149","fontColor":"#696d77"},"_sql":{"fontCharacter":"\\F14A","fontColor":"#696d77"},"_stylus":{"fontCharacter":"\\F14B","fontColor":"#696d77"},"_svg":{"fontCharacter":"\\F14C","fontColor":"#696d77"},"_swift":{"fontCharacter":"\\F14D","fontColor":"#696d77"},"_symbolic-link":{"fontCharacter":"\\F14E","fontColor":"#696d77"},"_terraform":{"fontCharacter":"\\F14F","fontColor":"#696d77"},"_tex":{"fontCharacter":"\\F150","fontColor":"#696d77"},"_text":{"fontCharacter":"\\F151","fontColor":"#696d77"},"_todo":{"fontCharacter":"\\F152","fontColor":"#696d77"},"_toml":{"fontCharacter":"\\F153","fontColor":"#696d77"},"_twig":{"fontCharacter":"\\F154","fontColor":"#696d77"},"_typescript":{"fontCharacter":"\\F155","fontColor":"#696d77"},"_vue":{"fontCharacter":"\\F156","fontColor":"#696d77"},"_yaml":{"fontCharacter":"\\F157","fontColor":"#696d77"}},"file":"_default","folder":"_folder","folderExpanded":"_folder-open","rootFolder":"_folder-root","rootFolderExpanded":"_folder-root-open","hidesExplorerArrows":true,"folderNames":{},"fileExtensions":{"cmx":"_ocaml","cmxa":"_ocaml","csv":"_csv","eot":"_font","f":"_fortran","for":"_fortran","f90":"_fortran","gif":"_image","hs":"_haskell","jpeg":"_image","webp":"_image","jpg":"_image","lhs":"_haskell","ml":"_ocaml","mli":"_ocaml","png":"_image","pug":"_pug","pxm":"_image","rst":"_restructuredtext","scala":"_scala","sql":"_sql","svg":"_svg","ttf":"_font","twig":"_twig","txt":"_text","vue":"_vue","woff":"_font","woff2":"_font","todo":"_todo"},"fileNames":{".dockerignore":"_docker",".env":"_env",".env.dev":"_env",".env.example":"_env",".env.local":"_env",".env.prod":"_env",".env.staging":"_env",".eslintignore":"_eslint",".eslintrc":"_eslint",".eslintrc.js":"_eslint",".eslintrc.json":"_eslint",".eslintrc.yaml":"_eslint",".eslintrc.yml":"_eslint",".gitattributes":"_git",".gitconfig":"_git",".gitignore":"_git",".gitkeep":"_git",".gitmodules":"_git",".npmignore":"_npm",".npmrc":"_npm","docker-compose.override.yml":"_docker","docker-compose.yaml":"_docker","docker-compose.yml":"_docker","git-history":"_git"},"languageIds":{"angular":"_angular","blade":"_blade","c":"_c","clojure":"_default","coffeescript":"_coffeescript","cpp":"_c++","csharp":"_c#","crystal":"_crystal","css":"_css","dart":"_dart","diff":"_default","dockerignore":"_docker","dockerfile":"_docker","elixir":"_elixir","elm":"_elm","erlang":"_erlang","fortran":"_fortran","fortran90":"_fortran","fortran95":"_fortran","fsharp":"_default","git-rebase":"_git","go":"_go","graphql":"_graphql","groovy":"_default","handlebars":"_handlebars","haxe":"_haxe","html":"_markup","ng-template":"_angular","ini":"_default","jade":"_default","java":"_java","javascript":"_js","javascriptreact":"_react","json":"_json","julia":"_julia","latex":"_tex","less":"_less","lua":"_lua","makefile":"_default","markdown":"_markdown","matlab":"_matlab","objective-c":"_c","objective-cpp":"_c++","perl":"_perl","php":"_php","powershell":"_shell","pug":"_pug","prolog":"_prolog","python":"_python","r":"_r","razor":"_default","reason":"_reason","ruby":"_ruby","rust":"_rust","sass":"_sass","scss":"_sass","shaderlab":"_default","shellscript":"_shell","sql":"_sql","stylus":"_stylus","swift":"_swift","tex":"_tex","terraform":"_terraform","todo":"_todo","toml":"_toml","typescript":"_typescript","typescriptreact":"_react","vb":"_default","xml":"_markup","xsl":"_default","yaml":"_yaml","restructuredtext":"_restructuredtext"}}