{"fonts":[{"id":"monokai_pro_icons","src":[{"path":"./monokai_pro_icons.woff","format":"woff"}],"weight":"normal","style":"normal","size":"16px"}],"iconDefinitions":{"_angular":{"fontCharacter":"\\F101","fontColor":"#69676c"},"_applescript":{"fontCharacter":"\\F102","fontColor":"#69676c"},"_binary":{"fontCharacter":"\\F103","fontColor":"#69676c"},"_blade":{"fontCharacter":"\\F104","fontColor":"#69676c"},"_c":{"fontCharacter":"\\F105","fontColor":"#69676c"},"_c#":{"fontCharacter":"\\F106","fontColor":"#69676c"},"_c++":{"fontCharacter":"\\F107","fontColor":"#69676c"},"_clojure":{"fontCharacter":"\\F108","fontColor":"#69676c"},"_":{"fontCharacter":"\\F143","fontColor":"#69676c"},"_coffeescript":{"fontCharacter":"\\F10A","fontColor":"#69676c"},"_crystal":{"fontCharacter":"\\F10B","fontColor":"#69676c"},"_css":{"fontCharacter":"\\F10C","fontColor":"#69676c"},"_csv":{"fontCharacter":"\\F10D","fontColor":"#69676c"},"_dart":{"fontCharacter":"\\F10E","fontColor":"#69676c"},"_default":{"fontCharacter":"\\F10F","fontColor":"#69676c"},"_docker":{"fontCharacter":"\\F111","fontColor":"#69676c"},"_elixir":{"fontCharacter":"\\F114","fontColor":"#69676c"},"_elm":{"fontCharacter":"\\F115","fontColor":"#69676c"},"_env":{"fontCharacter":"\\F116","fontColor":"#69676c"},"_erlang":{"fontCharacter":"\\F117","fontColor":"#69676c"},"_eslint":{"fontCharacter":"\\F118","fontColor":"#69676c"},"_folder":{"fontCharacter":"\\F11A","fontColor":"#69676c"},"_folder-open":{"fontCharacter":"\\F11B","fontColor":"#69676c"},"_folder-root":{"fontCharacter":"\\F11C","fontColor":"#69676c"},"_folder-root-open":{"fontCharacter":"\\F11D","fontColor":"#69676c"},"_font":{"fontCharacter":"\\F11E","fontColor":"#69676c"},"_fortran":{"fontCharacter":"\\F11F","fontColor":"#69676c"},"_git":{"fontCharacter":"\\F120","fontColor":"#69676c"},"_go":{"fontCharacter":"\\F121","fontColor":"#69676c"},"_graphql":{"fontCharacter":"\\F122","fontColor":"#69676c"},"_handlebars":{"fontCharacter":"\\F123","fontColor":"#69676c"},"_haskell":{"fontCharacter":"\\F124","fontColor":"#69676c"},"_haxe":{"fontCharacter":"\\F125","fontColor":"#69676c"},"_haxealt":{"fontCharacter":"\\F126","fontColor":"#69676c"},"_image":{"fontCharacter":"\\F128","fontColor":"#69676c"},"_java":{"fontCharacter":"\\F129","fontColor":"#69676c"},"_js":{"fontCharacter":"\\F12A","fontColor":"#69676c"},"_json":{"fontCharacter":"\\F12B","fontColor":"#69676c"},"_julia":{"fontCharacter":"\\F12C","fontColor":"#69676c"},"_less":{"fontCharacter":"\\F12D","fontColor":"#69676c"},"_lisp":{"fontCharacter":"\\F12E","fontColor":"#69676c"},"_lua":{"fontCharacter":"\\F130","fontColor":"#69676c"},"_markdown":{"fontCharacter":"\\F131","fontColor":"#69676c"},"_markup":{"fontCharacter":"\\F132","fontColor":"#69676c"},"_matlab":{"fontCharacter":"\\F133","fontColor":"#69676c"},"_npm":{"fontCharacter":"\\F136","fontColor":"#69676c"},"_ocaml":{"fontCharacter":"\\F137","fontColor":"#69676c"},"_perl":{"fontCharacter":"\\F138","fontColor":"#69676c"},"_php":{"fontCharacter":"\\F139","fontColor":"#69676c"},"_prolog":{"fontCharacter":"\\F13B","fontColor":"#69676c"},"_pug":{"fontCharacter":"\\F13C","fontColor":"#69676c"},"_python":{"fontCharacter":"\\F13D","fontColor":"#69676c"},"_r":{"fontCharacter":"\\F13E","fontColor":"#69676c"},"_rails":{"fontCharacter":"\\F13F","fontColor":"#69676c"},"_react":{"fontCharacter":"\\F140","fontColor":"#69676c"},"_reason":{"fontCharacter":"\\F141","fontColor":"#69676c"},"_restructuredtext":{"fontCharacter":"\\F142","fontColor":"#69676c"},"_ruby":{"fontCharacter":"\\F144","fontColor":"#69676c"},"_rust":{"fontCharacter":"\\F145","fontColor":"#69676c"},"_sass":{"fontCharacter":"\\F146","fontColor":"#69676c"},"_scala":{"fontCharacter":"\\F147","fontColor":"#69676c"},"_shell":{"fontCharacter":"\\F148","fontColor":"#69676c"},"_source":{"fontCharacter":"\\F149","fontColor":"#69676c"},"_sql":{"fontCharacter":"\\F14A","fontColor":"#69676c"},"_stylus":{"fontCharacter":"\\F14B","fontColor":"#69676c"},"_svg":{"fontCharacter":"\\F14C","fontColor":"#69676c"},"_swift":{"fontCharacter":"\\F14D","fontColor":"#69676c"},"_symbolic-link":{"fontCharacter":"\\F14E","fontColor":"#69676c"},"_terraform":{"fontCharacter":"\\F14F","fontColor":"#69676c"},"_tex":{"fontCharacter":"\\F150","fontColor":"#69676c"},"_text":{"fontCharacter":"\\F151","fontColor":"#69676c"},"_todo":{"fontCharacter":"\\F152","fontColor":"#69676c"},"_toml":{"fontCharacter":"\\F153","fontColor":"#69676c"},"_twig":{"fontCharacter":"\\F154","fontColor":"#69676c"},"_typescript":{"fontCharacter":"\\F155","fontColor":"#69676c"},"_vue":{"fontCharacter":"\\F156","fontColor":"#69676c"},"_yaml":{"fontCharacter":"\\F157","fontColor":"#69676c"}},"file":"_default","folder":"_folder","folderExpanded":"_folder-open","rootFolder":"_folder-root","rootFolderExpanded":"_folder-root-open","hidesExplorerArrows":true,"folderNames":{},"fileExtensions":{"cmx":"_ocaml","cmxa":"_ocaml","csv":"_csv","eot":"_font","f":"_fortran","for":"_fortran","f90":"_fortran","gif":"_image","hs":"_haskell","jpeg":"_image","webp":"_image","jpg":"_image","lhs":"_haskell","ml":"_ocaml","mli":"_ocaml","png":"_image","pug":"_pug","pxm":"_image","rst":"_restructuredtext","scala":"_scala","sql":"_sql","svg":"_svg","ttf":"_font","twig":"_twig","txt":"_text","vue":"_vue","woff":"_font","woff2":"_font","todo":"_todo"},"fileNames":{".dockerignore":"_docker",".env":"_env",".env.dev":"_env",".env.example":"_env",".env.local":"_env",".env.prod":"_env",".env.staging":"_env",".eslintignore":"_eslint",".eslintrc":"_eslint",".eslintrc.js":"_eslint",".eslintrc.json":"_eslint",".eslintrc.yaml":"_eslint",".eslintrc.yml":"_eslint",".gitattributes":"_git",".gitconfig":"_git",".gitignore":"_git",".gitkeep":"_git",".gitmodules":"_git",".npmignore":"_npm",".npmrc":"_npm","docker-compose.override.yml":"_docker","docker-compose.yaml":"_docker","docker-compose.yml":"_docker","git-history":"_git"},"languageIds":{"angular":"_angular","blade":"_blade","c":"_c","clojure":"_default","coffeescript":"_coffeescript","cpp":"_c++","csharp":"_c#","crystal":"_crystal","css":"_css","dart":"_dart","diff":"_default","dockerignore":"_docker","dockerfile":"_docker","elixir":"_elixir","elm":"_elm","erlang":"_erlang","fortran":"_fortran","fortran90":"_fortran","fortran95":"_fortran","fsharp":"_default","git-rebase":"_git","go":"_go","graphql":"_graphql","groovy":"_default","handlebars":"_handlebars","haxe":"_haxe","html":"_markup","ng-template":"_angular","ini":"_default","jade":"_default","java":"_java","javascript":"_js","javascriptreact":"_react","json":"_json","julia":"_julia","latex":"_tex","less":"_less","lua":"_lua","makefile":"_default","markdown":"_markdown","matlab":"_matlab","objective-c":"_c","objective-cpp":"_c++","perl":"_perl","php":"_php","powershell":"_shell","pug":"_pug","prolog":"_prolog","python":"_python","r":"_r","razor":"_default","reason":"_reason","ruby":"_ruby","rust":"_rust","sass":"_sass","scss":"_sass","shaderlab":"_default","shellscript":"_shell","sql":"_sql","stylus":"_stylus","swift":"_swift","tex":"_tex","terraform":"_terraform","todo":"_todo","toml":"_toml","typescript":"_typescript","typescriptreact":"_react","vb":"_default","xml":"_markup","xsl":"_default","yaml":"_yaml","restructuredtext":"_restructuredtext"}}